Backend, GPU, Time, Event, Full Value, Last Value
Nvmon, 0, 0.104400, POWER_USAGE, 48433.000000, 48433.000000
Nvmon, 0, 0.208829, POWER_USAGE, 96860.000000, 48427.000000
Nvmon, 0, 0.313103, POWER_USAGE, 145293.000000, 48433.000000
Nvmon, 0, 0.417320, POWER_USAGE, 193726.000000, 48433.000000
Nvmon, 0, 0.521564, POWER_USAGE, 242159.000000, 48433.000000
Nvmon, 0, 0.626985, POWER_USAGE, 290617.000000, 48458.000000
Nvmon, 0, 0.731226, POWER_USAGE, 339050.000000, 48433.000000
Nvmon, 0, 0.837181, POWER_USAGE, 418069.000000, 79019.000000
Nvmon, 0, 16755990838.238014, POWER_USAGE, 418069.000000, 79019.000000
